id,embedding,type
1,"[-0.9958794981773063, 0.09068641083490202]",Movie
2,"[-1.0, 0.0]",Movie
3,"[-0.996608511257656, 0.0822889742845216]",Movie
4,"[-0.9960643927475684, 0.08863253071202451]",Movie
5,"[-0.9958794981773063, 0.09068641083490202]",Movie
6,"[-0.9971175799965135, 0.07587181071977016]",Movie
