id,adonis,boxing,damien,family,fathers,fight,fighter,former,ring,sentence
1,0.4437780769271549,0.4437780769271549,0.4437780769271549,0.17963829990354493,0.0,0.22188903846357744,0.22188903846357744,0.4437780769271549,0.17963829990354493,0.22188903846357744
2,0.0,0.0,0.0,0.7071067811865475,0.0,0.0,0.0,0.0,0.7071067811865475,0.0
3,0.0,0.0,0.0,0.0,1.0,0.0,0.0,0.0,0.0,0.0
4,0.4437780769271549,0.4437780769271549,0.4437780769271549,0.17963829990354493,0.0,0.22188903846357744,0.22188903846357744,0.4437780769271549,0.17963829990354493,0.22188903846357744
