id,adonis,boxing,damien,family,fight,former,future,life,luigi,world
1,0.44759096895140293,0.44759096895140293,0.44759096895140293,0.1811817322553511,0.1811817322553511,0.44759096895140293,0.22379548447570147,0.22379548447570147,0.0,0.1811817322553511
2,0.0,0.0,0.0,0.7071067811865475,0.7071067811865475,0.0,0.0,0.0,0.0,0.0
3,0.0,0.0,0.0,0.0,0.0,0.0,0.0,0.0,0.952660704833514,0.30403549376037087
4,0.44759096895140293,0.44759096895140293,0.44759096895140293,0.1811817322553511,0.1811817322553511,0.44759096895140293,0.22379548447570147,0.22379548447570147,0.0,0.1811817322553511
