id,embedding,type
1,"[0.5462405019325361, -0.8376283866061913]",Movie
2,"[0.23124044263449442, -0.9728966325824151]",Movie
3,"[0.0, -1.0]",Movie
4,"[0.5462405019325361, -0.8376283866061913]",Movie
